Province,Year,registered_employment,region,n_projects,total_budget_sar,known_budget_count,total_area_sqm,known_area_count,at_risk_count,pct_projects,pct_budget,at_risk_rate,total_budget_sar_billion,new_projects_this_year,budget_started_this_year,active_projects,active_budget,completed_this_year,announced_projects,announced_budget,sector_hhi,real_estate_growth,real_estate_vs_own_2023,Population,is_population_extrapolated
Al-Baha,2017,80272.0,Al-Baha,6,2325971645.0,5,7222000.0,4,2,0.76,0.12,33.33,2.33,0.0,0.0,4,2065227953.0,0.0,5,218000000.0,0.34375,,,322779.0,False
Al-Baha,2018,70165.0,Al-Baha,8,2370971645.0,6,7252000.0,5,2,0.97,0.12,25.0,2.37,2.0,45000000.0,6,2110227953.0,0.0,5,218000000.0,0.24000000000000007,,,318510.0,False
Al-Baha,2019,64847.0,Al-Baha,8,2370971645.0,6,7252000.0,5,2,0.96,0.12,25.0,2.37,0.0,0.0,6,2110227953.0,0.0,5,218000000.0,0.24000000000000007,,,319257.0,False
Al-Baha,2020,67332.0,Al-Baha,8,2370971645.0,6,7252000.0,5,2,0.96,0.12,25.0,2.37,0.0,0.0,6,2110227953.0,0.0,5,218000000.0,0.24000000000000007,,,331305.0,False
Al-Baha,2021,64144.0,Al-Baha,8,2370971645.0,6,7252000.0,5,2,0.96,0.12,25.0,2.37,0.0,0.0,6,2110227953.0,0.0,5,218000000.0,0.24000000000000007,,1.1615250000000001,327833.0,False
Al-Baha,2022,67004.0,Al-Baha,8,2370971645.0,6,7252000.0,5,2,0.96,0.12,25.0,2.37,0.0,0.0,6,2110227953.0,0.0,5,218000000.0,0.24000000000000007,-14.275,0.9943000000000001,339174.0,False
Al-Baha,2023,69113.0,Al-Baha,8,2370971645.0,6,7252000.0,5,2,0.96,0.12,25.0,2.37,0.0,0.0,6,2110227953.0,0.0,5,218000000.0,0.24000000000000007,0.7750000000000001,1.001075,342631.62205898546,True
Al-Baha,2024,70653.0,Al-Baha,8,2370971645.0,6,7252000.0,5,2,0.96,0.12,25.0,2.37,0.0,0.0,6,2110227953.0,0.0,5,218000000.0,0.24000000000000007,-18.325,0.8161000000000002,346124.49195625685,True
Al-Baha,2025,69156.0,Al-Baha,8,2370971645.0,6,7252000.0,5,2,0.96,0.12,25.0,2.37,0.0,0.0,6,2110227953.0,0.0,5,218000000.0,0.24000000000000007,-1.5,0.803925,349652.9690168308,True
Al-Jouf,2017,105263.0,Al-Jouf,6,3293763819.0,5,9425740.0,6,1,0.76,0.18,16.67,3.29,0.0,0.0,5,3018546575.0,1.0,6,0.0,0.30864197530864196,,,558052.0,False
Al-Jouf,2018,89982.0,Al-Jouf,6,3293763819.0,5,9425740.0,6,1,0.73,0.17,16.67,3.29,0.0,0.0,4,2980683575.0,0.0,6,0.0,0.30864197530864196,,,554005.0,False
Al-Jouf,2019,83989.0,Al-Jouf,6,3293763819.0,5,9425740.0,6,1,0.72,0.17,16.67,3.29,0.0,0.0,4,2980683575.0,0.0,6,0.0,0.30864197530864196,,,557379.0,False
Al-Jouf,2020,87325.0,Al-Jouf,6,3293763819.0,5,9425740.0,6,1,0.72,0.17,16.67,3.29,0.0,0.0,4,2980683575.0,0.0,6,0.0,0.30864197530864196,,,579446.0,False
Al-Jouf,2021,87161.0,Al-Jouf,6,3293763819.0,5,9425740.0,6,1,0.72,0.17,16.67,3.29,0.0,0.0,4,2980683575.0,0.0,6,0.0,0.30864197530864196,,0.9533750000000001,574894.0,False
Al-Jouf,2022,98321.0,Al-Jouf,6,3293763819.0,5,9425740.0,6,1,0.72,0.17,16.67,3.29,0.0,0.0,4,2980683575.0,1.0,6,0.0,0.30864197530864196,-0.225,0.95095,595822.0,False
Al-Jouf,2023,99188.0,Al-Jouf,6,3293763819.0,5,9425740.0,6,1,0.72,0.17,16.67,3.29,0.0,0.0,3,480683575.0,0.0,6,0.0,0.30864197530864196,5.3,1.00045,603803.1898940934,True
Al-Jouf,2024,102302.0,Al-Jouf,6,3293763819.0,5,9425740.0,6,1,0.72,0.17,16.67,3.29,0.0,0.0,3,480683575.0,0.0,6,0.0,0.30864197530864196,-5.275,0.946975,611891.2898924219,True
Al-Jouf,2025,111542.0,Al-Jouf,6,3293763819.0,5,9425740.0,6,1,0.72,0.17,16.67,3.29,0.0,0.0,3,480683575.0,0.0,6,0.0,0.30864197530864196,0.8499999999999999,0.953425,620087.7320835011,True
Al-Madinah Al-Monawarah,2017,448990.0,Al-Madinah Al-Monawarah,71,211398546992.0,54,48995574.0,35,20,8.98,11.24,28.17,211.4,3.0,2200000000.0,52,116038822288.0,8.0,24,1244135218.0,0.14699074074074076,,,2053943.0,False
Al-Madinah Al-Monawarah,2018,391476.0,Al-Madinah Al-Monawarah,72,211398546992.0,54,49047074.0,36,20,8.77,11.11,27.78,211.4,1.0,0.0,45,60767390187.0,4.0,24,1244135218.0,0.147918188458729,,,2009884.0,False
Al-Madinah Al-Monawarah,2019,286799.0,Al-Madinah Al-Monawarah,73,211398546992.0,54,49397811.0,37,20,8.73,10.99,27.4,211.4,1.0,0.0,42,53713390187.0,4.0,24,1244135218.0,0.14923822714681442,,,2004830.0,False
Al-Madinah Al-Monawarah,2020,284772.0,Al-Madinah Al-Monawarah,73,211398546992.0,54,49397811.0,37,20,8.72,10.99,27.4,211.4,0.0,0.0,38,44313390187.0,0.0,24,1244135218.0,0.14923822714681442,,,2096074.0,False
Al-Madinah Al-Monawarah,2021,274522.0,Al-Madinah Al-Monawarah,73,211398546992.0,54,49397811.0,37,20,8.72,10.99,27.4,211.4,0.0,0.0,38,44313390187.0,1.0,24,1244135218.0,0.14923822714681442,,0.91565,2053240.0,False
Al-Madinah Al-Monawarah,2022,410794.0,Al-Madinah Al-Monawarah,73,211398546992.0,54,49397811.0,37,20,8.72,10.99,27.4,211.4,0.0,0.0,37,44313390187.0,0.0,24,1244135218.0,0.14923822714681442,6.800000000000001,0.9771,2137983.0,False
Al-Madinah Al-Monawarah,2023,430081.0,Al-Madinah Al-Monawarah,73,211398546992.0,54,49397811.0,37,20,8.72,10.99,27.4,211.4,0.0,0.0,37,44313390187.0,0.0,24,1244135218.0,0.14923822714681442,2.375,1.000225,2156106.2755113556,True
Al-Madinah Al-Monawarah,2024,469940.0,Al-Madinah Al-Monawarah,73,211398546992.0,54,49397811.0,37,20,8.72,10.99,27.4,211.4,0.0,0.0,37,44313390187.0,1.0,24,1244135218.0,0.14923822714681442,-0.8,0.9919499999999999,2174383.178584418,True
Al-Madinah Al-Monawarah,2025,482090.0,Al-Madinah Al-Monawarah,73,211398546992.0,54,49397811.0,37,20,8.72,10.99,27.4,211.4,0.0,0.0,36,19313390187.0,0.0,24,1244135218.0,0.14923822714681442,-4.675000000000001,0.9453499999999999,2192815.0114908265,True
Al-Qaseem,2017,492135.0,Al-Qaseem,28,7845733434.0,20,13666139.0,25,14,3.54,0.42,50.0,7.85,3.0,67068819.0,17,5356877434.0,5.0,18,771700000.0,0.2021604938271605,,,1285836.0,False
Al-Qaseem,2018,398799.0,Al-Qaseem,29,7852955793.0,21,13690139.0,26,14,3.53,0.41,48.28,7.85,1.0,7222359.0,13,5117349793.0,1.0,18,771700000.0,0.2077562326869806,,,1261835.0,False
Al-Qaseem,2019,361693.0,Al-Qaseem,29,7852955793.0,21,13690139.0,26,14,3.47,0.41,48.28,7.85,0.0,0.0,12,4866011106.0,4.0,18,771700000.0,0.2077562326869806,,,1260269.0,False
Al-Qaseem,2020,370016.0,Al-Qaseem,29,7852955793.0,21,13690139.0,26,14,3.46,0.41,48.28,7.85,0.0,0.0,8,4455770516.0,1.0,18,771700000.0,0.2077562326869806,,,1310168.0,False
Al-Qaseem,2021,401475.0,Al-Qaseem,29,7852955793.0,21,13690139.0,26,14,3.46,0.41,48.28,7.85,0.0,0.0,7,4448548157.0,1.0,18,771700000.0,0.2077562326869806,,0.9068,1289032.0,False
Al-Qaseem,2022,456419.0,Al-Qaseem,29,7852955793.0,21,13690139.0,26,14,3.46,0.41,48.28,7.85,0.0,0.0,6,4160000000.0,0.0,18,771700000.0,0.2077562326869806,10.175,0.9987,1336179.0,False
Al-Qaseem,2023,460620.0,Al-Qaseem,29,7852955793.0,21,13690139.0,26,14,3.46,0.41,48.28,7.85,0.0,0.0,6,4160000000.0,0.0,18,771700000.0,0.2077562326869806,0.25,1.0001,1346903.2865888323,True
Al-Qaseem,2024,512246.0,Al-Qaseem,29,7852955793.0,21,13690139.0,26,14,3.46,0.41,48.28,7.85,0.0,0.0,6,4160000000.0,0.0,18,771700000.0,0.2077562326869806,-3.375,0.966025,1357713.6472162772,True
Al-Qaseem,2025,526937.0,Al-Qaseem,29,7852955793.0,21,13690139.0,26,14,3.46,0.41,48.28,7.85,0.0,0.0,6,4160000000.0,0.0,18,771700000.0,0.2077562326869806,-1.65,0.950025,1368610.7727199078,True
Al-Riyadh,2017,4160804.0,Al-Riyadh,206,318073224067.0,88,334785924.52,159,73,26.04,16.92,35.44,318.07,22.0,918700000.0,136,273577582690.0,37.0,275,98009889768.0,0.183258056640625,,,8275538.0,False
Al-Riyadh,2018,3873581.0,Al-Riyadh,212,318125724067.0,89,334988724.52,163,73,25.82,16.71,34.43,318.13,6.0,52500000.0,105,264855369515.0,24.0,275,98009889768.0,0.1828070639009997,,,8030674.0,False
Al-Riyadh,2019,3887768.0,Al-Riyadh,213,318125724067.0,89,341533038.52,164,73,25.48,16.54,34.27,318.13,1.0,0.0,82,64621891074.0,20.0,275,98009889768.0,0.1825359827515879,,,7979262.0,False
Al-Riyadh,2020,3893471.0,Al-Riyadh,213,318125724067.0,89,341533038.52,164,73,25.45,16.54,34.27,318.13,0.0,0.0,62,44138611074.0,1.0,275,98009889768.0,0.1825359827515879,,,8422408.0,False
Al-Riyadh,2021,4056923.0,Al-Riyadh,213,318125724067.0,89,341533038.52,164,73,25.45,16.54,34.27,318.13,0.0,0.0,61,44138611074.0,1.0,275,98009889768.0,0.1825359827515879,,0.7829,8175378.0,False
Al-Riyadh,2022,4873968.0,Al-Riyadh,213,318125724067.0,89,341533038.52,164,73,25.45,16.54,34.27,318.13,0.0,0.0,60,44138611074.0,0.0,275,98009889768.0,0.1825359827515879,17.75,0.9209499999999999,8591748.0,False
Al-Riyadh,2023,5483811.0,Al-Riyadh,213,318125724067.0,89,341533038.52,164,73,25.45,16.54,34.27,318.13,0.0,0.0,60,44138611074.0,0.0,275,98009889768.0,0.1825359827515879,8.649999999999999,1.00015,8662451.271763884,True
Al-Riyadh,2024,6358023.0,Al-Riyadh,213,318125724067.0,89,341533038.52,164,73,25.45,16.54,34.27,318.13,0.0,0.0,60,44138611074.0,1.0,275,98009889768.0,0.1825359827515879,8.575,1.086325,8733736.375378296,True
Al-Riyadh,2025,7302880.0,Al-Riyadh,213,318125724067.0,89,341533038.52,164,73,25.45,16.54,34.27,318.13,0.0,0.0,59,44138611074.0,0.0,275,98009889768.0,0.1825359827515879,3.075,1.117575,8805608.098857908,True
Aseer,2017,448201.0,Aseer,11,7514654594.0,7,13672620.0,11,4,1.39,0.4,36.36,7.51,1.0,206250000.0,8,7006250000.0,1.0,19,5784066158.0,0.22666666666666668,,,1879189.0,False
Aseer,2018,398245.0,Aseer,12,7514654594.0,7,13678020.0,12,4,1.46,0.39,33.33,7.51,1.0,0.0,8,7006250000.0,1.0,19,5784066158.0,0.2265625,,,1863690.0,False
Aseer,2019,370869.0,Aseer,13,7514654594.0,7,13903020.0,13,4,1.56,0.39,30.77,7.51,1.0,0.0,8,5206250000.0,2.0,19,5784066158.0,0.22491349480968859,,,1876328.0,False
Aseer,2020,378786.0,Aseer,13,7514654594.0,7,13903020.0,13,4,1.55,0.39,30.77,7.51,0.0,0.0,6,1006250000.0,0.0,19,5784066158.0,0.22491349480968859,,,1958677.0,False
Aseer,2021,381985.0,Aseer,13,7514654594.0,7,13903020.0,13,4,1.55,0.39,30.77,7.51,0.0,0.0,6,1006250000.0,0.0,19,5784066158.0,0.22491349480968859,,0.9142,1943532.0,False
Aseer,2022,421577.0,Aseer,13,7514654594.0,7,13903020.0,13,4,1.55,0.39,30.77,7.51,0.0,0.0,6,1006250000.0,0.0,19,5784066158.0,0.22491349480968859,5.45,0.9636,2024285.0,False
Aseer,2023,428413.0,Aseer,13,7514654594.0,7,13903020.0,13,4,1.55,0.39,30.77,7.51,0.0,0.0,6,1006250000.0,0.0,19,5784066158.0,0.22491349480968859,3.875,1.00035,2055150.9727686152,True
Aseer,2024,464286.0,Aseer,13,7514654594.0,7,13903020.0,13,4,1.55,0.39,30.77,7.51,0.0,0.0,6,1006250000.0,0.0,19,5784066158.0,0.22491349480968859,-8.75,0.91265,2086487.5849358095,True
Aseer,2025,474538.0,Aseer,13,7514654594.0,7,13903020.0,13,4,1.55,0.39,30.77,7.51,0.0,0.0,6,1006250000.0,0.0,19,5784066158.0,0.22491349480968859,-4.275,0.8734999999999999,2118302.012735592,True
Eastern Region,2017,2191336.0,Eastern Region,131,357219002962.0,73,62272897.0,96,46,16.56,19.0,35.11,357.22,13.0,22969875006.0,96,129723586005.0,24.0,76,117440500000.0,0.17339484813533254,,,4853790.0,False
Eastern Region,2018,1992329.0,Eastern Region,141,363273002962.0,78,63596550.0,106,47,17.17,19.09,33.33,363.27,10.0,6054000000.0,82,126720073385.0,26.0,76,117440500000.0,0.17452409280190362,,,4746614.0,False
Eastern Region,2019,1847775.0,Eastern Region,144,365108002962.0,80,63854302.0,108,47,17.22,18.98,32.64,365.11,3.0,1835000000.0,59,119936462137.0,14.0,76,117440500000.0,0.17350926888737492,,,4740235.0,False
Eastern Region,2020,1778368.0,Eastern Region,144,365108002962.0,80,63854302.0,108,47,17.2,18.98,32.64,365.11,0.0,0.0,45,100740462137.0,3.0,76,117440500000.0,0.17350926888737492,,,4989327.0,False
Eastern Region,2021,1772043.0,Eastern Region,144,365108002962.0,80,63854302.0,108,47,17.2,18.98,32.64,365.11,0.0,0.0,42,95115462137.0,4.0,76,117440500000.0,0.17350926888737492,,0.9484,4879962.0,False
Eastern Region,2022,2036871.0,Eastern Region,144,365108002962.0,80,63854302.0,108,47,17.2,18.98,32.64,365.11,0.0,0.0,38,70430462137.0,2.0,76,117440500000.0,0.17350926888737492,6.425,1.0073,5125254.0,False
Eastern Region,2023,2173316.0,Eastern Region,144,365108002962.0,80,63854302.0,108,47,17.2,18.98,32.64,365.11,0.0,0.0,36,10430462137.0,0.0,76,117440500000.0,0.17350926888737492,-0.625,1.0000499999999999,5184162.655083832,True
Eastern Region,2024,2457829.0,Eastern Region,144,365108002962.0,80,63854302.0,108,47,17.2,18.98,32.64,365.11,0.0,0.0,36,10430462137.0,0.0,76,117440500000.0,0.17350926888737492,-5.8,0.9422750000000001,5243748.394589975,True
Eastern Region,2025,2581586.0,Eastern Region,144,365108002962.0,80,63854302.0,108,47,17.2,18.98,32.64,365.11,0.0,0.0,36,10430462137.0,0.0,76,117440500000.0,0.17350926888737492,2.2,0.962175,5304019.00079277,True
Hail,2017,177062.0,Hail,28,3929341786.0,23,3188304.0,16,7,3.54,0.21,25.0,3.93,0.0,0.0,19,2868074725.0,3.0,8,798500000.0,0.23009495982468958,,,686058.0,False
Hail,2018,146360.0,Hail,28,3929341786.0,23,3188304.0,16,7,3.41,0.21,25.0,3.93,0.0,0.0,16,2530374725.0,0.0,8,798500000.0,0.23009495982468958,,,682111.0,False
Hail,2019,132470.0,Hail,28,3929341786.0,23,3188304.0,16,7,3.35,0.2,25.0,3.93,0.0,0.0,16,2530374725.0,0.0,8,798500000.0,0.23009495982468958,,,688236.0,False
Hail,2020,136496.0,Hail,28,3929341786.0,23,3188304.0,16,7,3.35,0.2,25.0,3.93,0.0,0.0,16,2530374725.0,0.0,8,798500000.0,0.23009495982468958,,,719987.0,False
Hail,2021,139602.0,Hail,28,3929341786.0,23,3188304.0,16,7,3.35,0.2,25.0,3.93,0.0,0.0,16,2530374725.0,0.0,8,798500000.0,0.23009495982468958,,0.9395749999999999,715422.0,False
Hail,2022,160140.0,Hail,28,3929341786.0,23,3188304.0,16,7,3.35,0.2,25.0,3.93,0.0,0.0,16,2530374725.0,0.0,8,798500000.0,0.23009495982468958,5.425,0.9902,746406.0,False
Hail,2023,170843.0,Hail,28,3929341786.0,23,3188304.0,16,7,3.35,0.2,25.0,3.93,0.0,0.0,16,2530374725.0,0.0,8,798500000.0,0.23009495982468958,1.075,1.00025,759293.2244050669,True
Hail,2024,197290.0,Hail,28,3929341786.0,23,3188304.0,16,7,3.35,0.2,25.0,3.93,0.0,0.0,16,2530374725.0,0.0,8,798500000.0,0.23009495982468958,0.925,1.008675,772402.9558007885,True
Hail,2025,207995.0,Hail,28,3929341786.0,23,3188304.0,16,7,3.35,0.2,25.0,3.93,0.0,0.0,16,2530374725.0,0.0,8,798500000.0,0.23009495982468958,-2.3,0.9844750000000001,785739.0359268081,True
Jazan,2017,194215.0,Jazan,34,174430992731.0,28,134974353.0,19,7,4.3,9.28,20.59,174.43,0.0,0.0,30,171491492731.0,7.0,9,148478157.0,0.1921475312314099,,,1326914.0,False
Jazan,2018,180874.0,Jazan,36,191180992731.0,30,142434353.0,21,7,4.38,10.04,19.44,191.18,2.0,16750000000.0,25,186240923698.0,2.0,9,148478157.0,0.1995673336938886,,,1310678.0,False
Jazan,2019,175002.0,Jazan,36,191180992731.0,30,142434353.0,21,7,4.31,9.94,19.44,191.18,0.0,0.0,23,147760054048.0,2.0,9,148478157.0,0.1995673336938886,,,1315117.0,False
Jazan,2020,187407.0,Jazan,36,191180992731.0,30,142434353.0,21,7,4.3,9.94,19.44,191.18,0.0,0.0,21,120760054048.0,0.0,9,148478157.0,0.1995673336938886,,,1370141.0,False
Jazan,2021,186509.0,Jazan,36,191180992731.0,30,142434353.0,21,7,4.3,9.94,19.44,191.18,0.0,0.0,21,120760054048.0,0.0,9,148478157.0,0.1995673336938886,,0.959075,1355099.0,False
Jazan,2022,210873.0,Jazan,36,191180992731.0,30,142434353.0,21,7,4.3,9.94,19.44,191.18,0.0,0.0,21,120760054048.0,1.0,9,148478157.0,0.1995673336938886,0.5,0.96375,1404997.0,False
Jazan,2023,219093.0,Jazan,36,191180992731.0,30,142434353.0,21,7,4.3,9.94,19.44,191.18,0.0,0.0,20,118260054048.0,0.0,9,148478157.0,0.1995673336938886,3.8,1.0001,1421529.4536138964,True
Jazan,2024,238261.0,Jazan,36,191180992731.0,30,142434353.0,21,7,4.3,9.94,19.44,191.18,0.0,0.0,20,118260054048.0,0.0,9,148478157.0,0.1995673336938886,1.3750000000000002,1.0134,1438256.4428904995,True
Jazan,2025,243084.0,Jazan,36,191180992731.0,30,142434353.0,21,7,4.3,9.94,19.44,191.18,0.0,0.0,20,118260054048.0,0.0,9,148478157.0,0.1995673336938886,-0.7999999999999999,1.00495,1455180.256910725,True
Makkah Al-Mokarramah,2017,2460823.0,Makkah Al-Mokarramah,246,726741448793.0,115,790339359.83,175,40,31.1,38.65,16.26,726.74,25.0,3462000000.0,156,632743946720.0,26.0,212,129859509667.0,0.16966334421930582,,,8019757.0,False
Makkah Al-Mokarramah,2018,2192186.0,Makkah Al-Mokarramah,252,726741448793.0,115,791407961.83,181,40,30.69,38.18,15.87,726.74,6.0,0.0,136,620047352740.0,20.0,212,129859509667.0,0.1690526389358059,,,7715338.0,False
Makkah Al-Mokarramah,2019,2096396.0,Makkah Al-Mokarramah,261,744861448793.0,117,807164109.83,189,40,31.22,38.73,15.33,744.86,9.0,18120000000.0,125,599532023693.0,10.0,212,129859509667.0,0.17095273883824025,,,7607556.0,False
Makkah Al-Mokarramah,2020,2064440.0,Makkah Al-Mokarramah,262,744861448793.0,117,807164109.83,189,40,31.3,38.73,15.27,744.86,1.0,0.0,116,581895079820.0,10.0,212,129859509667.0,0.17159903251814032,,,7982529.0,False
Makkah Al-Mokarramah,2021,2012069.0,Makkah Al-Mokarramah,262,744861448793.0,117,807164109.83,189,40,31.3,38.73,15.27,744.86,0.0,0.0,106,576345079820.0,4.0,212,129859509667.0,0.17159903251814032,,0.8824500000000001,7692188.0,False
Makkah Al-Mokarramah,2022,2047074.0,Makkah Al-Mokarramah,262,744861448793.0,117,807164109.83,189,40,31.3,38.73,15.27,744.86,0.0,0.0,102,530345079820.0,2.0,212,129859509667.0,0.17159903251814032,11.125,0.9808499999999999,8021463.0,False
Makkah Al-Mokarramah,2023,2139069.0,Makkah Al-Mokarramah,262,744861448793.0,117,807164109.83,189,40,31.3,38.73,15.27,744.86,0.0,0.0,100,485225079820.0,0.0,212,129859509667.0,0.17159903251814032,2.125,1.000025,8027551.9977798285,True
Makkah Al-Mokarramah,2024,2325002.0,Makkah Al-Mokarramah,262,744861448793.0,117,807164109.83,189,40,31.3,38.73,15.27,744.86,0.0,0.0,100,485225079820.0,2.0,212,129859509667.0,0.17159903251814032,-1.6,0.98395,8033645.617645923,True
Makkah Al-Mokarramah,2025,2375595.0,Makkah Al-Mokarramah,262,744861448793.0,117,807164109.83,189,40,31.3,38.73,15.27,744.86,0.0,0.0,98,481225079820.0,2.0,212,129859509667.0,0.17159903251814032,2.45,1.008075,8039743.863106853,True
Najran,2017,183081.0,Najran,5,665000000.0,2,18250000.0,5,0,0.63,0.04,0.0,0.66,0.0,0.0,4,555000000.0,0.0,6,396000000.0,0.33333333333333337,,,551172.0,False
Najran,2018,151873.0,Najran,6,665000000.0,2,18274000.0,6,0,0.73,0.03,0.0,0.66,1.0,0.0,5,555000000.0,1.0,6,396000000.0,0.25,,,545320.0,False
Najran,2019,137728.0,Najran,6,665000000.0,2,18274000.0,6,0,0.72,0.03,0.0,0.66,0.0,0.0,4,555000000.0,0.0,6,396000000.0,0.25,,,548237.0,False
Najran,2020,140900.0,Najran,6,665000000.0,2,18274000.0,6,0,0.72,0.03,0.0,0.66,0.0,0.0,4,555000000.0,0.0,6,396000000.0,0.25,,,574344.0,False
Najran,2021,143979.0,Najran,6,665000000.0,2,18274000.0,6,0,0.72,0.03,0.0,0.66,0.0,0.0,4,555000000.0,0.0,6,396000000.0,0.25,,0.8759250000000001,567533.0,False
Najran,2022,155649.0,Najran,6,665000000.0,2,18274000.0,6,0,0.72,0.03,0.0,0.66,0.0,0.0,4,555000000.0,0.0,6,396000000.0,0.25,0.675,0.881775,592300.0,False
Najran,2023,160238.0,Najran,6,665000000.0,2,18274000.0,6,0,0.72,0.03,0.0,0.66,0.0,0.0,4,555000000.0,0.0,6,396000000.0,0.25,13.525000000000002,1.0004250000000001,601081.7596525637,True
Najran,2024,186264.0,Najran,6,665000000.0,2,18274000.0,6,0,0.72,0.03,0.0,0.66,0.0,0.0,4,555000000.0,0.0,6,396000000.0,0.25,-0.6000000000000001,0.993625,609993.7224160432,True
Najran,2025,201247.0,Najran,6,665000000.0,2,18274000.0,6,0,0.72,0.03,0.0,0.66,0.0,0.0,4,555000000.0,0.0,6,396000000.0,0.25,1.875,1.011525,619037.818752073,True
Northern Borders,2017,71102.0,Northern Borders,7,59304000000.0,5,443165235.32,3,3,0.88,3.15,42.86,59.3,0.0,0.0,5,31304000000.0,1.0,3,302420000.0,0.25925925925925924,,,345347.0,False
Northern Borders,2018,61183.0,Northern Borders,7,59304000000.0,5,443165235.32,3,3,0.85,3.12,42.86,59.3,0.0,0.0,4,30741000000.0,0.0,3,302420000.0,0.25925925925925924,,,343630.0,False
Northern Borders,2019,124366.0,Northern Borders,7,59304000000.0,5,443165235.32,3,3,0.84,3.08,42.86,59.3,0.0,0.0,4,30741000000.0,1.0,3,302420000.0,0.25925925925925924,,,346525.0,False
Northern Borders,2020,132185.0,Northern Borders,7,59304000000.0,5,443165235.32,3,3,0.84,3.08,42.86,59.3,0.0,0.0,3,26075000000.0,0.0,3,302420000.0,0.25925925925925924,,,361607.0,False
Northern Borders,2021,133971.0,Northern Borders,7,59304000000.0,5,443165235.32,3,3,0.84,3.08,42.86,59.3,0.0,0.0,3,26075000000.0,0.0,3,302420000.0,0.25925925925925924,,0.9151250000000001,359411.0,False
Northern Borders,2022,68039.0,Northern Borders,7,59304000000.0,5,443165235.32,3,3,0.84,3.08,42.86,59.3,0.0,0.0,3,26075000000.0,0.0,3,302420000.0,0.25925925925925924,9.375,1.00095,373577.0,False
Northern Borders,2023,70301.0,Northern Borders,7,59304000000.0,5,443165235.32,3,3,0.84,3.08,42.86,59.3,0.0,0.0,3,26075000000.0,0.0,3,302420000.0,0.25925925925925924,-0.075,1.000125,379577.99887293734,True
Northern Borders,2024,76520.0,Northern Borders,7,59304000000.0,5,443165235.32,3,3,0.84,3.08,42.86,59.3,0.0,0.0,3,26075000000.0,0.0,3,302420000.0,0.25925925925925924,0.525,1.0051999999999999,385675.39550985105,True
Northern Borders,2025,77158.0,Northern Borders,7,59304000000.0,5,443165235.32,3,3,0.84,3.08,42.86,59.3,0.0,0.0,3,26075000000.0,0.0,3,302420000.0,0.25925925925925924,-1.775,0.986725,391870.7384077657,True
Tabouk,2017,152046.0,Tabouk,12,7615555229.0,8,24631000.0,9,4,1.52,0.41,33.33,7.62,0.0,0.0,10,7465567322.0,3.0,19,3112285366.0,0.27111111111111114,,,818980.0,False
Tabouk,2018,135777.0,Tabouk,12,7615555229.0,8,24631000.0,9,4,1.46,0.4,33.33,7.62,0.0,0.0,7,6200256424.0,3.0,19,3112285366.0,0.27111111111111114,,,813992.0,False
Tabouk,2019,128655.0,Tabouk,12,7615555229.0,8,24631000.0,9,4,1.44,0.4,33.33,7.62,0.0,0.0,4,3000000000.0,0.0,19,3112285366.0,0.27111111111111114,,,820568.0,False
Tabouk,2020,132566.0,Tabouk,12,7615555229.0,8,24631000.0,9,4,1.43,0.4,33.33,7.62,0.0,0.0,4,3000000000.0,0.0,19,3112285366.0,0.27111111111111114,,,856497.0,False
Tabouk,2021,131503.0,Tabouk,12,7615555229.0,8,24631000.0,9,4,1.43,0.4,33.33,7.62,0.0,0.0,4,3000000000.0,0.0,19,3112285366.0,0.27111111111111114,,0.90605,850859.0,False
Tabouk,2022,148524.0,Tabouk,12,7615555229.0,8,24631000.0,9,4,1.43,0.4,33.33,7.62,0.0,0.0,4,3000000000.0,0.0,19,3112285366.0,0.27111111111111114,1.025,0.91535,886036.0,False
Tabouk,2023,155890.0,Tabouk,12,7615555229.0,8,24631000.0,9,4,1.43,0.4,33.33,7.62,0.0,0.0,4,3000000000.0,0.0,19,3112285366.0,0.27111111111111114,9.275,1.0004250000000001,900307.2087846751,True
Tabouk,2024,178896.0,Tabouk,12,7615555229.0,8,24631000.0,9,4,1.43,0.4,33.33,7.62,0.0,0.0,4,3000000000.0,0.0,19,3112285366.0,0.27111111111111114,0.4,1.0034999999999998,914808.2811416833,True
Tabouk,2025,183189.0,Tabouk,12,7615555229.0,8,24631000.0,9,4,1.43,0.4,33.33,7.62,0.0,0.0,4,3000000000.0,0.0,19,3112285366.0,0.27111111111111114,2.6,1.02945,929542.9194386855,True
